place,movie_title,rating,year,star_cast
1,Um Sonho de Liberdade,9.235817997660797,1994,"Frank Darabont (dir.), Tim Robbins, Morgan Freeman"
2,O Poderoso Chefão,9.15583925224442,1972,"Francis Ford Coppola (dir.), Marlon Brando, Al Pacino"
3,Batman: O Cavaleiro das Trevas,8.991882413422251,2008,"Christopher Nolan (dir.), Christian Bale, Heath Ledger"
4,O Poderoso Chefão II,8.983808562443022,1974,"Francis Ford Coppola (dir.), Al Pacino, Robert De Niro"
5,12 Homens e uma Sentença,8.953380122556078,1957,"Sidney Lumet (dir.), Henry Fonda, Lee J. Cobb"
6,A Lista de Schindler,8.940342191110698,1993,"Steven Spielberg (dir.), Liam Neeson, Ralph Fiennes"
7,O Senhor dos Anéis: O Retorno do Rei,8.932741396466147,2003,"Peter Jackson (dir.), Elijah Wood, Viggo Mortensen"
8,Pulp Fiction: Tempo de Violência,8.846099941692934,1994,"Quentin Tarantino (dir.), John Travolta, Uma Thurman"
9,O Senhor dos Anéis: A Sociedade do Anel,8.811220005952483,2001,"Peter Jackson (dir.), Elijah Wood, Ian McKellen"
1, Três Homens em Conflito,8.788708880120842,1966,"Sergio Leone (dir.), Clint Eastwood, Eli Wallach"
11,Forrest Gump: O Contador de Histórias,8.766516955298544,1994,"Robert Zemeckis (dir.), Tom Hanks, Robin Wright"
12,Clube da Luta,8.74761396119255,1999,"David Fincher (dir.), Brad Pitt, Edward Norton"
13,O Senhor dos Anéis: As Duas Torres,8.73693790921389,2002,"Peter Jackson (dir.), Elijah Wood, Ian McKellen"
14,A Origem,8.732623661727741,2010,"Christopher Nolan (dir.), Leonardo DiCaprio, Joseph Gordon-Levitt"
15,O Império Contra-Ataca,8.6982454788943,1980,"Irvin Kershner (dir.), Mark Hamill, Harrison Ford"
16,Matrix,8.669170709659925,1999,"Lana Wachowski (dir.), Keanu Reeves, Laurence Fishburne"
17,Os Bons Companheiros,8.653349400466245,1990,"Martin Scorsese (dir.), Robert De Niro, Ray Liotta"
18,Um Estranho no Ninho,8.637670978081067,1975,"Milos Forman (dir.), Jack Nicholson, Louise Fletcher"
19,Seven: Os Sete Crimes Capitais,8.604618007794505,1995,"David Fincher (dir.), Morgan Freeman, Brad Pitt"
20,A Felicidade Não se Compra,8.597624699908271,1946,"Frank Capra (dir.), James Stewart, Donna Reed"
21,Os Sete Samurais,8.597571808544844,1954,"Akira Kurosawa (dir.), Toshirô Mifune, Takashi Shimura"
22,O Silêncio dos Inocentes,8.588312442374193,1991,"Jonathan Demme (dir.), Jodie Foster, Anthony Hopkins"
23,O Resgate do Soldado Ryan,8.579842388894425,1998,"Steven Spielberg (dir.), Tom Hanks, Matt Damon"
24,Cidade de Deus,8.579203641154988,2002,"Fernando Meirelles (dir.), Alexandre Rodrigues, Leandro Firmino"
25,Interestelar,8.572811965148853,2014,"Christopher Nolan (dir.), Matthew McConaughey, Anne Hathaway"
26,A Vida é Bela,8.568703267971628,1997,"Roberto Benigni (dir.), Roberto Benigni, Nicoletta Braschi"
27,À Espera de um Milagre,8.563731708518409,1999,"Frank Darabont (dir.), Tom Hanks, Michael Clarke Duncan"
28,Guerra nas Estrelas,8.54753021169399,1977,"George Lucas (dir.), Mark Hamill, Harrison Ford"
29,O exterminador do futuro 2: O julgamento final,8.53824846264255,1991,"James Cameron (dir.), Arnold Schwarzenegger, Linda Hamilton"
30,De Volta para o Futuro,8.517894348315355,1985,"Robert Zemeckis (dir.), Michael J. Fox, Christopher Lloyd"
31,A Viagem de Chihiro,8.515800999399533,2001,"Hayao Miyazaki (dir.), Daveigh Chase, Suzanne Pleshette"
32,O Pianista,8.50789601241806,2002,"Roman Polanski (dir.), Adrien Brody, Thomas Kretschmann"
33,Psicose,8.506235171010589,1960,"Alfred Hitchcock (dir.), Anthony Perkins, Janet Leigh"
34,Parasita,8.50033713451796,2019,"Bong Joon Ho (dir.), Song Kang-ho, Lee Sun-kyun"
35,O Profissional,8.49226225528026,1994,"Luc Besson (dir.), Jean Reno, Gary Oldman"
36,O Rei Leão,8.487759877138842,1994,"Roger Allers (dir.), Matthew Broderick, Jeremy Irons"
37,Gladiador,8.487199082447688,2000,"Ridley Scott (dir.), Russell Crowe, Joaquin Phoenix"
38,A Outra História Americana,8.481215331434335,1998,"Tony Kaye (dir.), Edward Norton, Edward Furlong"
39,Os Infiltrados,8.476269348822441,2006,"Martin Scorsese (dir.), Leonardo DiCaprio, Matt Damon"
40,Whiplash: Em Busca da Perfeição,8.469347175551512,2014,"Damien Chazelle (dir.), Miles Teller, J.K. Simmons"
41,O Grande Truque,8.469326449224859,2006,"Christopher Nolan (dir.), Christian Bale, Hugh Jackman"
42,Os Suspeitos,8.468713540224243,1995,"Bryan Singer (dir.), Kevin Spacey, Gabriel Byrne"
43,Casablanca,8.461143881542426,1942,"Michael Curtiz (dir.), Humphrey Bogart, Ingrid Bergman"
44,Túmulo dos Vagalumes,8.456527771381717,1988,"Isao Takahata (dir.), Tsutomu Tatsumi, Ayano Shiraishi"
45,Harakiri,8.456052296789476,1962,"Masaki Kobayashi (dir.), Tatsuya Nakadai, Akira Ishihama"
46,Intocáveis,8.45318242478672,2011,"Olivier Nakache (dir.), François Cluzet, Omar Sy"
47,Tempos Modernos,8.446608732966038,1936,"Charles Chaplin (dir.), Charles Chaplin, Paulette Goddard"
48,Era uma Vez no Oeste,8.440098563945343,1968,"Sergio Leone (dir.), Henry Fonda, Charles Bronson"
49,Cinema Paradiso,8.435814054938497,1988,"Giuseppe Tornatore (dir.), Philippe Noiret, Enzo Cannavale"
50,Janela Indiscreta,8.435097653344462,1954,"Alfred Hitchcock (dir.), James Stewart, Grace Kelly"
51,Alien - O 8º Passageiro,8.433238381733245,1979,"Ridley Scott (dir.), Sigourney Weaver, Tom Skerritt"
52,Luzes da Cidade,8.431753970033602,1931,"Charles Chaplin (dir.), Charles Chaplin, Virginia Cherrill"
53,Apocalypse Now,8.422623575655406,1979,"Francis Ford Coppola (dir.), Martin Sheen, Marlon Brando"
54,Amnésia,8.418833859191881,2000,"Christopher Nolan (dir.), Guy Pearce, Carrie-Anne Moss"
55,Django Livre,8.409473793948033,2012,"Quentin Tarantino (dir.), Jamie Foxx, Christoph Waltz"
56,Os Caçadores da Arca Perdida,8.405757747439043,1981,"Steven Spielberg (dir.), Harrison Ford, Karen Allen"
57,WALL·E,8.3955284944443,2008,"Andrew Stanton (dir.), Ben Burtt, Elissa Knight"
58,A Vida dos Outros,8.38348312809096,2006,"Florian Henckel von Donnersmarck (dir.), Ulrich Mühe, Martina Gedeck"
59,Crepúsculo dos Deuses,8.378698660986753,1950,"Billy Wilder (dir.), William Holden, Gloria Swanson"
60,Glória Feita de Sangue,8.371434034361029,1957,"Stanley Kubrick (dir.), Kirk Douglas, Ralph Meeker"
61,O Iluminado,8.36476735900315,1980,"Stanley Kubrick (dir.), Jack Nicholson, Shelley Duvall"
62,O Grande Ditador,8.363654805735756,1940,"Charles Chaplin (dir.), Charles Chaplin, Paulette Goddard"
63,Vingadores: Guerra Infinita,8.361977318350442,2018,"Anthony Russo (dir.), Robert Downey Jr., Chris Hemsworth"
64,Testemunha de Acusação,8.359542035099116,1957,"Billy Wilder (dir.), Tyrone Power, Marlene Dietrich"
65,"Aliens, O Resgate",8.342809448332652,1986,"James Cameron (dir.), Sigourney Weaver, Michael Biehn"
66,Homem-Aranha: No Aranhaverso,8.338872192457728,2018,"Bob Persichetti (dir.), Shameik Moore, Jake Johnson"
67,Beleza Americana,8.329321713039402,1999,"Sam Mendes (dir.), Kevin Spacey, Annette Bening"
68,Dr Fantástico,8.326897588868134,1964,"Stanley Kubrick (dir.), Peter Sellers, George C. Scott"
69,Batman: O Cavaleiro das Trevas Ressurge,8.326038226674918,2012,"Christopher Nolan (dir.), Christian Bale, Tom Hardy"
70,Oldboy,8.320042973209908,2003,"Park Chan-wook (dir.), Choi Min-sik, Yoo Ji-tae"
71,Bastardos Inglórios,8.319182572743703,2009,"Quentin Tarantino (dir.), Brad Pitt, Diane Kruger"
72,Amadeus,8.316266491857265,1984,"Milos Forman (dir.), F. Murray Abraham, Tom Hulce"
73,Viva: A Vida é uma Festa,8.315248431246602,2017,"Lee Unkrich (dir.), Anthony Gonzalez, Gael García Bernal"
74,Toy Story,8.314046586216005,1995,"John Lasseter (dir.), Tom Hanks, Tim Allen"
75,Coração Valente,8.312516194528477,1995,"Mel Gibson (dir.), Mel Gibson, Sophie Marceau"
76,Coringa,8.312313836386602,2019,"Todd Phillips (dir.), Joaquin Phoenix, Robert De Niro"
77,O Barco: Inferno no Mar,8.31145478905243,1981,"Wolfgang Petersen (dir.), Jürgen Prochnow, Herbert Grönemeyer"
78,Vingadores: Ultimato,8.303504708544473,2019,"Anthony Russo (dir.), Robert Downey Jr., Chris Evans"
79,Princesa Mononoke,8.302971449462213,1997,"Hayao Miyazaki (dir.), Yôji Matsuda, Yuriko Ishida"
80,Era uma Vez na América,8.294515615053413,1984,"Sergio Leone (dir.), Robert De Niro, James Woods"
81,Gênio Indomável,8.29330317726047,1997,"Gus Van Sant (dir.), Robin Williams, Matt Damon"
82,Your Name,8.283147497693934,2016,"Makoto Shinkai (dir.), Ryunosuke Kamiki, Mone Kamishiraishi"
83,Cantando na Chuva,8.275265720672257,1952,"Stanley Donen (dir.), Gene Kelly, Donald O'Connor"
84,3 Idiotas,8.2748784856004,2009,"Rajkumar Hirani (dir.), Aamir Khan, Madhavan"
85,Réquiem para um Sonho,8.273398594255786,2000,"Darren Aronofsky (dir.), Ellen Burstyn, Jared Leto"
86,Céu E Inferno,8.27236922305704,1963,"Akira Kurosawa (dir.), Toshirô Mifune, Yutaka Sada"
87,Toy Story 3,8.270220514244132,2010,"Lee Unkrich (dir.), Tom Hanks, Tim Allen"
88,Cafarnaum,8.26743514415394,2018,"Nadine Labaki (dir.), Zain Al Rafeea, Yordanos Shiferaw"
89,"Star Wars, Episódio VI: O Retorno do Jedi",8.264002425438237,1983,"Richard Marquand (dir.), Mark Hamill, Harrison Ford"
90,2001: Uma Odisséia no Espaço,8.261482072380756,1968,"Stanley Kubrick (dir.), Keir Dullea, Gary Lockwood"
91,Brilho Eterno de uma Mente sem Lembranças,8.261300410908495,2004,"Michel Gondry (dir.), Jim Carrey, Kate Winslet"
92,Vá e Veja,8.259478276969876,1985,"Elem Klimov (dir.), Aleksey Kravchenko, Olga Mironova"
93,Cães de Aluguel,8.258336478766223,1992,"Quentin Tarantino (dir.), Harvey Keitel, Tim Roth"
94,A Caça,8.257342042665133,2012,"Thomas Vinterberg (dir.), Mads Mikkelsen, Thomas Bo Larsen"
95,Cidadão Kane,8.249333097760355,1941,"Orson Welles (dir.), Orson Welles, Joseph Cotten"
96,Lawrence da Arábia,8.249062513315133,1962,"David Lean (dir.), Peter O'Toole, Alec Guinness"
97,"M, o Vampiro de Dusseldorf",8.248814442131057,1931,"Fritz Lang (dir.), Peter Lorre, Ellen Widmann"
98,Intriga Internacional,8.245307613108341,1959,"Alfred Hitchcock (dir.), Cary Grant, Eva Marie Saint"
99,Viver,8.244842061072253,1952,"Akira Kurosawa (dir.), Takashi Shimura, Nobuo Kaneko"
10, Um Corpo que Cai,8.242513139093699,1958,"Alfred Hitchcock (dir.), James Stewart, Kim Novak"
101,Se Meu Apartamento Falasse,8.241830329846108,1960,"Billy Wilder (dir.), Jack Lemmon, Shirley MacLaine"
102,O Fabuloso Destino de Amélie Poulain,8.240649532425312,2001,"Jean-Pierre Jeunet (dir.), Audrey Tautou, Mathieu Kassovitz"
103,Pacto de Sangue,8.23791568997271,1944,"Billy Wilder (dir.), Fred MacMurray, Barbara Stanwyck"
104,Laranja Mecânica,8.237659761123588,1971,"Stanley Kubrick (dir.), Malcolm McDowell, Patrick Magee"
105,Nascido para Matar,8.236682133285857,1987,"Stanley Kubrick (dir.), Matthew Modine, R. Lee Ermey"
106,Scarface,8.234861057591,1983,"Brian De Palma (dir.), Al Pacino, Michelle Pfeiffer"
107,Hamilton,8.23104348475302,2020,"Thomas Kail (dir.), Lin-Manuel Miranda, Phillipa Soo"
108,Incêndios,8.227083205735752,2010,"Denis Villeneuve (dir.), Lubna Azabal, Mélissa Désormeaux-Poulin"
109,Fogo Contra Fogo,8.225960993180015,1995,"Michael Mann (dir.), Al Pacino, Robert De Niro"
110,O Sol é para Todos,8.225466274402214,1962,"Robert Mulligan (dir.), Gregory Peck, John Megna"
111,Up: Altas Aventuras,8.22482823811789,2009,"Pete Docter (dir.), Edward Asner, Jordan Nagai"
112,Golpe de Mestre,8.22436626032488,1973,"George Roy Hill (dir.), Paul Newman, Robert Redford"
113,A Separação,8.22121663041373,2011,"Asghar Farhadi (dir.), Payman Maadi, Leila Hatami"
114,Metrópolis,8.220776759944012,1927,"Fritz Lang (dir.), Brigitte Helm, Alfred Abel"
115,Taxi Driver: Motorista de Táxi,8.218520890793982,1976,"Martin Scorsese (dir.), Robert De Niro, Jodie Foster"
116,Los Angeles: Cidade Proibida,8.21819129486381,1997,"Curtis Hanson (dir.), Kevin Spacey, Russell Crowe"
117,Duro de Matar,8.217576673270917,1988,"John McTiernan (dir.), Bruce Willis, Alan Rickman"
118,Snatch: Porcos e Diamantes,8.216662563711624,2000,"Guy Ritchie (dir.), Jason Statham, Brad Pitt"
119,Indiana Jones e a Última Cruzada,8.216623830813075,1989,"Steven Spielberg (dir.), Harrison Ford, Sean Connery"
120,Ladrões de Bicicletas,8.215376481306974,1948,"Vittorio De Sica (dir.), Lamberto Maggiorani, Enzo Staiola"
121,Top Gun: Maverick,8.212943173689622,2022,"Joseph Kosinski (dir.), Tom Cruise, Jennifer Connelly"
122,Como Estrelas na Terra,8.21219674531106,2007,"Aamir Khan (dir.), Darsheel Safary, Aamir Khan"
123,1917,8.211096696578624,2019,"Sam Mendes (dir.), Dean-Charles Chapman, George MacKay"
124,A Queda! As Últimas Horas de Hitler,8.20305228278169,2004,"Oliver Hirschbiegel (dir.), Bruno Ganz, Alexandra Maria Lara"
125,Dangal,8.199766430818173,2016,"Nitesh Tiwari (dir.), Aamir Khan, Sakshi Tanwar"
126,Por uns Dólares a Mais,8.198946243609951,1965,"Sergio Leone (dir.), Clint Eastwood, Lee Van Cleef"
127,Batman Begins,8.196995776980096,2005,"Christopher Nolan (dir.), Christian Bale, Michael Caine"
128,O Garoto,8.19062367954112,1921,"Charles Chaplin (dir.), Charles Chaplin, Edna Purviance"
129,Quanto Mais Quente Melhor,8.190135418958791,1959,"Billy Wilder (dir.), Marilyn Monroe, Tony Curtis"
130,Meu Pai,8.181943793033764,2020,"Florian Zeller (dir.), Anthony Hopkins, Olivia Colman"
131,A Malvada,8.180254388061746,1950,"Joseph L. Mankiewicz (dir.), Bette Davis, Anne Baxter"
132,O Lobo de Wall Street,8.17841412700129,2013,"Martin Scorsese (dir.), Leonardo DiCaprio, Jonah Hill"
133,Green Book: O Guia,8.177713859995881,2018,"Peter Farrelly (dir.), Viggo Mortensen, Mahershala Ali"
134,Julgamento em Nuremberg,8.171582346038935,1961,"Stanley Kramer (dir.), Spencer Tracy, Burt Lancaster"
135,Ran,8.16466055620475,1985,"Akira Kurosawa (dir.), Tatsuya Nakadai, Akira Terao"
136,Cassino,8.16391586912737,1995,"Martin Scorsese (dir.), Robert De Niro, Sharon Stone"
137,O Show de Truman: O Show da Vida,8.161860755921904,1998,"Peter Weir (dir.), Jim Carrey, Ed Harris"
138,Sangue Negro,8.160880423202945,2007,"Paul Thomas Anderson (dir.), Daniel Day-Lewis, Paul Dano"
139,O Labirinto do Fauno,8.160125755671542,2006,"Guillermo del Toro (dir.), Ivana Baquero, Ariadna Gil"
140,Os Imperdoáveis,8.158243181355312,1992,"Clint Eastwood (dir.), Clint Eastwood, Gene Hackman"
141,O Sexto Sentido,8.154824693359293,1999,"M. Night Shyamalan (dir.), Bruce Willis, Haley Joel Osment"
142,Ilha do Medo,8.153891542459462,2010,"Martin Scorsese (dir.), Leonardo DiCaprio, Emily Mortimer"
143,Uma Mente Brilhante,8.150680426640104,2001,"Ron Howard (dir.), Russell Crowe, Ed Harris"
144,Jurassic Park,8.149822528739268,1993,"Steven Spielberg (dir.), Sam Neill, Laura Dern"
145,John Wick 4: Baba Yaga,8.149791121383215,2023,"Chad Stahelski (dir.), Keanu Reeves, Laurence Fishburne"
146,"Yojimbo, o Guarda-Costas",8.147233416333915,1961,"Akira Kurosawa (dir.), Toshirô Mifune, Eijirô Tôno"
147,O Tesouro da Sierra Madre,8.146665253260998,1948,"John Huston (dir.), Humphrey Bogart, Walter Huston"
148,Monty Python em Busca do Cálice Sagrado,8.145016782968947,1975,"Terry Gilliam (dir.), Graham Chapman, John Cleese"
149,Onde os Fracos Não Têm Vez,8.140535279451193,2007,"Ethan Coen (dir.), Tommy Lee Jones, Javier Bardem"
150,Fugindo do Inferno,8.139403182285763,1963,"John Sturges (dir.), Steve McQueen, James Garner"
151,Kill Bill: Volume 1,8.139131241168089,2003,"Quentin Tarantino (dir.), Uma Thurman, David Carradine"
152,Rashomon,8.137162165897433,1950,"Akira Kurosawa (dir.), Toshirô Mifune, Machiko Kyô"
153,O Enigma de Outro Mundo,8.134290945970509,1982,"John Carpenter (dir.), Kurt Russell, Wilford Brimley"
154,Homem-Aranha: Sem Volta para Casa,8.133275202276593,2021,"Jon Watts (dir.), Tom Holland, Zendaya"
155,Procurando Nemo,8.131226331550213,2003,"Andrew Stanton (dir.), Albert Brooks, Ellen DeGeneres"
156,O Homem Elefante,8.1267458141437,1980,"David Lynch (dir.), Anthony Hopkins, John Hurt"
157,Chinatown,8.12507509024399,1974,"Roman Polanski (dir.), Jack Nicholson, Faye Dunaway"
158,Touro Indomável,8.122483256921646,1980,"Martin Scorsese (dir.), Robert De Niro, Cathy Moriarty"
159,V de Vingança,8.122215826354598,2005,"James McTeigue (dir.), Hugo Weaving, Natalie Portman"
160,E o Vento Levou,8.12124172691102,1939,"Victor Fleming (dir.), Clark Gable, Vivien Leigh"
161,"Jogos, Trapaças e Dois Canos Fumegantes",8.1197918082951,1998,"Guy Ritchie (dir.), Jason Flemyng, Dexter Fletcher"
162,Disque M para Matar,8.119598522563834,1954,"Alfred Hitchcock (dir.), Ray Milland, Grace Kelly"
163,Divertida Mente,8.119470503525955,2015,"Pete Docter (dir.), Amy Poehler, Bill Hader"
164,O Segredo dos Seus Olhos,8.117931957531592,2009,"Juan José Campanella (dir.), Ricardo Darín, Soledad Villamil"
165,O Castelo Animado,8.11754614448645,2004,"Hayao Miyazaki (dir.), Chieko Baisho, Takuya Kimura"
166,Três Anúncios para um Crime,8.11130581340124,2017,"Martin McDonagh (dir.), Frances McDormand, Woody Harrelson"
167,Trainspotting: Sem Limites,8.110227458078754,1996,"Danny Boyle (dir.), Ewan McGregor, Ewen Bremner"
168,A Ponte do Rio Kwai,8.109987220399628,1957,"David Lean (dir.), William Holden, Alec Guinness"
169,Os Suspeitos,8.107273011862146,2013,"Denis Villeneuve (dir.), Hugh Jackman, Jake Gyllenhaal"
170,Guerreiro,8.10237925667428,2011,"Gavin O'Connor (dir.), Tom Hardy, Nick Nolte"
171,Fargo: Uma Comédia de Erros,8.102363955099024,1996,"Joel Coen (dir.), William H. Macy, Frances McDormand"
172,Gran Torino,8.10003699861825,2008,"Clint Eastwood (dir.), Clint Eastwood, Bee Vang"
173,Meu Amigo Totoro,8.091888085021811,1988,"Hayao Miyazaki (dir.), Hitoshi Takagi, Noriko Hidaka"
174,Prenda-me se for Capaz,8.091824409071025,2002,"Steven Spielberg (dir.), Leonardo DiCaprio, Tom Hanks"
175,Menina de Ouro,8.088487708637869,2004,"Clint Eastwood (dir.), Hilary Swank, Clint Eastwood"
176,Filhos do Paraíso,8.086153836248567,1997,"Majid Majidi (dir.), Mohammad Amir Naji, Amir Farrokh Hashemian"
177,Blade Runner: O Caçador de Androides,8.084578686973362,1982,"Ridley Scott (dir.), Harrison Ford, Rutger Hauer"
178,Em Busca do Ouro,8.084205648865863,1925,"Charles Chaplin (dir.), Charles Chaplin, Mack Swain"
179,Klaus,8.082112024484452,2019,"Sergio Pablos (dir.), Jason Schwartzman, J.K. Simmons"
180,Harry Potter e as Relíquias da Morte - Parte 2,8.081143968678633,2011,"David Yates (dir.), Daniel Radcliffe, Emma Watson"
181,Antes do Amanhecer,8.080889844453601,1995,"Richard Linklater (dir.), Ethan Hawke, Julie Delpy"
182,12 Anos de Escravidão,8.080471145149609,2013,"Steve McQueen (dir.), Chiwetel Ejiofor, Michael Kenneth Williams"
183,Sindicato de Ladrões,8.07823608526845,1954,"Elia Kazan (dir.), Marlon Brando, Karl Malden"
184,Ben-Hur,8.07808516385232,1959,"William Wyler (dir.), Charlton Heston, Jack Hawkins"
185,O Grande Hotel Budapeste,8.077653981248819,2014,"Wes Anderson (dir.), Ralph Fiennes, F. Murray Abraham"
186,Garota Exemplar,8.077014833150555,2014,"David Fincher (dir.), Ben Affleck, Rosamund Pike"
187,Morangos Silvestres,8.075542412200905,1957,"Ingmar Bergman (dir.), Victor Sjöström, Bibi Andersson"
188,A General,8.074866978654466,1926,"Clyde Bruckman (dir.), Buster Keaton, Marion Mack"
189,Barry Lyndon,8.07386196182939,1975,"Stanley Kubrick (dir.), Ryan O'Neal, Marisa Berenson"
190,Em Nome do Pai,8.07353354709478,1993,"Jim Sheridan (dir.), Daniel Day-Lewis, Pete Postlethwaite"
191,O Franco Atirador,8.073004963423891,1978,"Michael Cimino (dir.), Robert De Niro, Christopher Walken"
192,O 3º Homem,8.072482192311274,1949,"Carol Reed (dir.), Orson Welles, Joseph Cotten"
193,Até o Último Homem,8.071369951024527,2016,"Mel Gibson (dir.), Andrew Garfield, Sam Worthington"
194,O Salário do Medo,8.069899951596453,1953,"Henri-Georges Clouzot (dir.), Yves Montand, Charles Vanel"
195,Memórias de um Assassino,8.06916688496164,2003,"Bong Joon Ho (dir.), Song Kang-ho, Kim Sang-kyung"
196,Bancando o Águia,8.067783538003917,1924,"Buster Keaton (dir.), Buster Keaton, Kathryn McGuire"
197,Relatos Selvagens,8.067457997054907,2014,"Damián Szifron (dir.), Darío Grandinetti, María Marull"
198,A Mulher Faz o Homem,8.066132481563148,1939,"Frank Capra (dir.), James Stewart, Jean Arthur"
199,Mad Max: Estrada da Fúria,8.063641163514744,2015,"George Miller (dir.), Tom Hardy, Charlize Theron"
200,Mary e Max: Uma Amizade Diferente,8.06257749735575,2009,"Adam Elliot (dir.), Toni Collette, Philip Seymour Hoffman"
201,O Sétimo Selo,8.061667659658362,1957,"Ingmar Bergman (dir.), Max von Sydow, Gunnar Björnstrand"
202,Como Treinar o Seu Dragão,8.061367608883577,2010,"Dean DeBlois (dir.), Jay Baruchel, Gerard Butler"
203,Monstros SA,8.060833971985122,2001,"Pete Docter (dir.), Billy Crystal, John Goodman"
204,Sociedade dos Poetas Mortos,8.0602667893432,1989,"Peter Weir (dir.), Robin Williams, Robert Sean Leonard"
205,Tubarão,8.060029037835164,1975,"Steven Spielberg (dir.), Roy Scheider, Robert Shaw"
206,O Quarto de Jack,8.05960940075657,2015,"Lenny Abrahamson (dir.), Brie Larson, Jacob Tremblay"
207,O Grande Lebowski,8.057937103045354,1998,"Joel Coen (dir.), Jeff Bridges, John Goodman"
208,Era uma Vez em Tóquio,8.055044899543699,1953,"Yasujirô Ozu (dir.), Chishû Ryû, Chieko Higashiyama"
209,O Martírio de Joana D'Arc,8.052263905323333,1928,"Carl Theodor Dreyer (dir.), Maria Falconetti, Eugene Silvain"
210,Ford vs Ferrari,8.04979306593999,2019,"James Mangold (dir.), Matt Damon, Christian Bale"
211,Hotel Ruanda,8.04841083962722,2004,"Terry George (dir.), Don Cheadle, Sophie Okonedo"
212,Rocky: Um Lutador,8.046737015861714,1976,"John G. Avildsen (dir.), Sylvester Stallone, Talia Shire"
213,Platoon,8.044085303525906,1986,"Oliver Stone (dir.), Charlie Sheen, Tom Berenger"
214,Ratatouille,8.043245633774747,2007,"Brad Bird (dir.), Brad Garrett, Lou Romano"
215,Spotlight: Segredos Revelados,8.041033500221033,2015,"Tom McCarthy (dir.), Mark Ruffalo, Michael Keaton"
216,Logan,8.04055240369295,2017,"James Mangold (dir.), Hugh Jackman, Patrick Stewart"
217,O Exterminador do Futuro,8.04011619530949,1984,"James Cameron (dir.), Arnold Schwarzenegger, Linda Hamilton"
218,Conta Comigo,8.03696864261974,1986,"Rob Reiner (dir.), Wil Wheaton, River Phoenix"
219,Rush: No Limite da Emoção,8.035152315224577,2013,"Ron Howard (dir.), Daniel Brühl, Chris Hemsworth"
220,Rede de Intrigas,8.034551510263174,1976,"Sidney Lumet (dir.), Faye Dunaway, William Holden"
221,Antes do Pôr-do-Sol,8.032684409676623,2004,"Richard Linklater (dir.), Ethan Hawke, Julie Delpy"
222,Na Natureza Selvagem,8.03111603596026,2007,"Sean Penn (dir.), Emile Hirsch, Vince Vaughn"
223,O Mágico de Oz,8.03043942100283,1939,"Victor Fleming (dir.), Judy Garland, Frank Morgan"
224,Os Melhores Anos de Nossa Vida,8.028572689236164,1946,"William Wyler (dir.), Myrna Loy, Dana Andrews"
225,Feitiço do Tempo,8.02681765409679,1993,"Harold Ramis (dir.), Bill Murray, Andie MacDowell"
226,O Exorcista,8.02664783520958,1973,"William Friedkin (dir.), Ellen Burstyn, Max von Sydow"
227,Os Incríveis,8.024903591783968,2004,"Brad Bird (dir.), Craig T. Nelson, Samuel L. Jackson"
228,O Ódio,8.024398929422853,1995,"Mathieu Kassovitz (dir.), Vincent Cassel, Hubert Koundé"
229,A Canção da Estrada,8.024053447458027,1955,"Satyajit Ray (dir.), Kanu Bannerjee, Karuna Bannerjee"
230,Ser ou Não Ser,8.023948476030997,1942,"Ernst Lubitsch (dir.), Carole Lombard, Jack Benny"
231,Piratas do Caribe: A Maldição do Pérola Negra,8.023429753125773,2003,"Gore Verbinski (dir.), Johnny Depp, Geoffrey Rush"
232,As Vinhas da Ira,8.022191133076317,1940,"John Ford (dir.), Henry Fonda, Jane Darwell"
233,Sempre ao Seu Lado,8.02211067087392,2009,"Lasse Hallström (dir.), Richard Gere, Joan Allen"
234,A Batalha de Argel,8.021464301093959,1966,"Gillo Pontecorvo (dir.), Brahim Hadjadj, Jean Martin"
235,Jai Bhim,8.020865721877998,2021,"T.J. Gnanavel (dir.), Suriya, Lijo Mol Jose"
236,Meu Pai e Meu Filho,8.019731828650634,2005,"Çagan Irmak (dir.), Çetin Tekindor, Fikret Kuskan"
237,Amores Brutos,8.019561655232224,2000,"Alejandro G. Iñárritu (dir.), Emilio Echevarría, Gael García Bernal"
238,"Rebecca, a Mulher Inesquecível",8.018581959116228,1940,"Alfred Hitchcock (dir.), Laurence Olivier, Joan Fontaine"
239,Rebeldia Indomável,8.018163936272375,1967,"Stuart Rosenberg (dir.), Paul Newman, George Kennedy"
240,A Criada,8.01718754917668,2016,"Park Chan-wook (dir.), Kim Min-hee, Ha Jung-woo"
241,Os Incompreendidos,8.013494264050875,1959,"François Truffaut (dir.), Jean-Pierre Léaud, Albert Rémy"
242,A Noviça Rebelde,8.013145413188216,1965,"Robert Wise (dir.), Julie Andrews, Christopher Plummer"
243,Aconteceu Naquela Noite,8.012549932377059,1934,"Frank Capra (dir.), Clark Gable, Claudette Colbert"
244,Quando Duas Mulheres Pecam,8.011087946848543,1966,"Ingmar Bergman (dir.), Bibi Andersson, Liv Ullmann"
245,A Vida de Brian,8.008956714999153,1979,"Terry Jones (dir.), Graham Chapman, John Cleese"
246,O Gigante de Ferro,8.00598295254892,1999,"Brad Bird (dir.), Eli Marienthal, Harry Connick Jr."
247,Histórias Cruzadas,8.005533806774732,2011,"Tate Taylor (dir.), Viola Davis, Emma Stone"
248,Dersu Uzala,8.004059536673505,1975,"Akira Kurosawa (dir.), Maksim Munzuk, Yuriy Solomin"
249,Aladdin,8.003871142864668,1992,"Ron Clements (dir.), Scott Weinger, Robin Williams"
250,Dança com Lobos,8.00155640283368,1990,"Kevin Costner (dir.), Kevin Costner, Mary McDonnell"
